{"module": "reservoir", "cls_name": "Reservoir", "config": {"max_res_cap": [[100.0], [100.0], [100.0], [100.0], [100.0], [100.0], [100.0], [100.0], [100.0], [100.0]], "low_penalty": [[-5.0], [-5.0], [-5.0], [-5.0], [-5.0], [-5.0], [-5.0], [-5.0], [-5.0], [-5.0]], "high_penalty": [[-100.0], [-100.0], [-100.0], [-100.0], [-100.0], [-100.0], [-100.0], [-100.0], [-100.0], [-100.0]], "set_point_penalty": [[-0.1], [-0.1], [-0.1], [-0.1], [-0.1], [-0.1], [-0.1], [-0.1], [-0.1], [-0.1]], "rain_shape": [[4.166666666666667], [4.166666666666667], [4.166666666666667], [4.166666666666667], [4.166666666666667], [4.166666666666667], [4.166666666666667], [4.166666666666667], [4.166666666666667], [4.166666666666667]], "rain_scale": [[6.0], [6.0], [6.0], [6.0], [6.0], [6.0], [6.0], [6.0], [6.0], [6.0]], "downstream": [[0, 1, 0, 0, 0, 0, 0, 0, 0, 0], [0, 0, 1, 0, 0, 0, 0, 0, 0, 0], [0, 0, 0, 1, 0, 0, 0, 0, 0, 0], [0, 0, 0, 0, 1, 0, 0, 0, 0, 0], [0, 0, 0, 0, 0, 1, 0, 0, 0, 0], [0, 0, 0, 0, 0, 0, 1, 0, 0, 0], [0, 0, 0, 0, 0, 0, 0, 1, 0, 0], [0, 0, 0, 0, 0, 0, 0, 0, 1, 0], [0, 0, 0, 0, 0, 0, 0, 0, 0, 1], [0, 0, 0, 0, 0, 0, 0, 0, 0, 0]], "lower_bound": [[37.5], [37.5], [37.5], [37.5], [37.5], [37.5], [37.5], [37.5], [37.5], [37.5]], "upper_bound": [[62.5], [62.5], [62.5], [62.5], [62.5], [62.5], [62.5], [62.5], [62.5], [62.5]]}, "initial_state": [[4.999999999999999], [4.999999999999999], [4.999999999999999], [4.999999999999999], [4.999999999999999], [4.999999999999999], [4.999999999999999], [4.999999999999999], [4.999999999999999], [4.999999999999999]]}